FID;ID;NAMA_RUAS;KECAMATAN_;PANJANG_KM;LEBAR_M;LAPEN_KM;BETON_KM;TELFORD_KE;TANAH_KM;BELUMTEMBU;BAIK_KM;BAIK__PERS;SEDANG_KM;SEDANG_PER;RUSAKRINGA;RUSAKRIN00;RUSAKBERAT;RUSAKBER00;LHR;AKSES_KE_N;KETERANGAN;FOTO;FOTO_1;FOTO_12;FOTO_12_13;FOTO_ASPAL;FOTO_BETON;FOTO_TELFO;FOTO_TANAH;STA_AWAL;STA_AKHIR
0;28.000000000000000;WEHALI - BATAS MAYBRAT;TEMINABUAN;3.523;6.000000000000000;3.523000000000000;0.000000000000000;0.000000000000000;0.000000000000000;0.000000000000000;3.523000000000000;100%;0.000000000000000;0%;0.000000000000000;0%;0.000000000000000;0%;0.000000000000000;P;PROVINSI;<img src= 'E:\PAK ASMAR\DATA BASE JALAN SORONG\28. Wehali - Batas Maybrat\25' width='300'/>; ; ; ;<img arc= 'E:\PAK ASMAR\DATA BASE JALAN SORONG\28. Wehali - Batas Maybrat\7.jpg' width='300'/>; ; ; ;0+000;3+523
1;2.000000000000000;WENSLOLO - SESNEK;SAWIAT;8.679;5.000000000000000;2.156000000000000;0.117000000000000;6.400000000000000;0.000000000000000;0.000000000000000;2.339000000000000;26,96%;5.000000000000000;57,61%;1.340000000000000;15,44%;0.000000000000000;0.000%;0.000000000000000;K;KABUPATEN;<img src= 'E:\PAK ASMAR\DATA BASE JALAN SORONG\02. Wenslolo - Sasnek Part 02\52.jpg' width='300'/>;<img src= 'E:\PAK ASMAR\DATA BASE JALAN SORONG\02. Wenslolo - Sasnek Part 02\41.jpg' width='300'/>;<img src= 'E:\PAK ASMAR\DATA BASE JALAN SORONG\02. Wenslolo - Sasnek Part 02\46.jpg' width='300'/>; ;<img src= 'E:\PAK ASMAR\DATA BASE JALAN SORONG\02. Wenslolo - Sasnek Part 03\76.jpg' width='300'/>;<img src= 'E:\PAK ASMAR\DATA BASE JALAN SORONG\02. Wenslolo - Sasnek Part 02\38.jpg' width='300'/>;<img src= 'E:\PAK ASMAR\DATA BASE JALAN SORONG\02. Wenslolo - Sasnek Part 02\36.jpg' width='300'/>; ;0+000, 0+353, 0+403, 0+851, 4+004, 4+4223, 4+325, 4+500, 4+560, 4+583, 4+901, 5+153, 5+270, 5+400, 5+628, 6+129, 6+158,  6+342, 6+374, 6+722, 6+938, 7+942, 8+292,  8+325;"0+353, 0+403, 0+851, 4+004, 4+223, 4+325,4+500, 4+560,4+583, 4+901,4+951, 5+153,5+270, 5+400,5+628, 6+129, 6+158, 6+342, 6+374, 6+722, 6+938, 7+942, 8+292, 8+325, 8+679   

"
2;8.000000000000000;MANGGROHOLO - KWOWOK;SAIFI;2.297;5.500000000000000;0.000000000000000;0.000000000000000;2.297000000000000;0.000000000000000;0.000000000000000;0.000000000000000;0.00%;0.897000000000000;39,05;0.000000000000000;05;1.400000000000000;60,95%;0.000000000000000;K;KABUPATEN; ;<img src= 'E:\PAK ASMAR\DATA BASE JALAN SORONG\08. Manggroholo - Kwowok\22.jpg' width='300'/>; ;<img src= 'E:\PAK ASMAR\DATA BASE JALAN SORONG\08. Manggroholo - Kwowok\11.jpg' width='300'>; ; ;<img src= 'E:\PAK ASMAR\DATA BASE JALAN SORONG\08. Manggroholo - Kwowok\18.jpg' width='300'/>; ;0+000;2+297
3;1.000000000000000;MLABOLO - KOFALIT;SAWIAT;4.742;5.500000000000000;0.675000000000000;0.000000000000000;4.067000000000000;0.000000000000000;0.000000000000000;0.675000000000000;14,23%;1.664000000000000;35,09%;0.000000000000000;0%;2.403000000000000;50,67%;0.000000000000000;N;KABUPATEN;<img src= 'E:\PAK ASMAR\DATA BASE JALAN SORONG\01. Mlabolo - Kofalit\20181024_141722.jpg' width='300'/>;<img src= 'E:\PAK ASMAR\DATA BASE JALAN SORONG\01. Mlabolo - Kofalit\20181024_134115.jpg' width='300'/>;<img src= 'E:\PAK ASMAR\DATA BASE JALAN SORONG\01. Mlabolo - Kofalit\20181024_134227.jpg' width='300'/>;<img src= 'E:\PAK ASMAR\DATA BASE JALAN SORONG\01. Mlabolo - Kofalit\20181024_131952.jpg' width='300'/>;<img src= 'E:\PAK ASMAR\DATA BASE JALAN SORONG\01. Mlabolo - Kofalit\20181024_135833.jpg' width='300'/>; ;<img src= 'E:\PAK ASMAR\DATA BASE JALAN SORONG\01. Mlabolo - Kofalit\20181024_140353.jpg' width='300'/>; ;0+000, 1+664, 2+023, 3+160, 3+336, 3+375, 3+515;1+664, 2+023, 3+160, 3+336, 3+375, 3+515, 4+742
4;29.000000000000000;WAIGO - UNGGI;WAYER;5.036;0.000000000000000;0.000000000000000;0.000000000000000;5.036000000000000;0.000000000000000;0.000000000000000;0.000000000000000;0.00%;2.235000000000000;44,4%;2.800000000000000;55,6;0.000000000000000;0%;0.000000000000000;P;KABUPATEN; ;<img src= 'E:\PAK ASMAR\DATA BASE JALAN SORONG\29. Waigo - Unggi\2.jpg' width='300'/>;<img src= 'E:\PAK ASMAR\DATA BASE JALAN SORONG\29. Waigo - Unggi\36.jpg' width='300'/>; ; ; ;<img src= 'E:\PAK ASMAR\DATA BASE JALAN SORONG\29. Waigo - Unggi\12.pg' width='300'/>; ;0+000;5+036
5;33.000000000000000;MOSWAREN - KAMISABE;MOSWAREN;5.828;5.500000000000000;0.789000000000000;0.000000000000000;5.030000000000000;0.000000000000000;0.000000000000000;0.798000000000000;13,69%;1.202000000000000;20,62%;3.828000000000000;65,68;0.000000000000000;0%;0.000000000000000;P;KABUPATEN;<img src= 'E:\PAK ASMAR\DATA BASE JALAN SORONG\33. Moswaren - Kamisabe\2.jpg' width='300'/>;<img src= 'E:\PAK ASMAR\DATA BASE JALAN SORONG\33. Moswaren - Kamisabe\8.jpg' width='300'/.;<img src= 'E:\PAK ASMAR\DATA BASE JALAN SORONG\33. Moswaren - Kamisabe\5.jpg' width='300'/>; ;<img src= 'E:\PAK ASMAR\DATA BASE JALAN SORONG\33. Moswaren - Kamisabe\3.jpg' width='300'/>; ;<img src= 'E:\PAK ASMAR\DATA BASE JALAN SORONG\33. Moswaren - Kamisabe\5.jpg' width='300'/>; ;0+000, 0+798;0+798, 5+828
6;22.000000000000000;TVRI - AIBOBOR;TEMINABUAN;3.131;5.000000000000000;3131.000000000000000;0.000000000000000;0.000000000000000;0.000000000000000;0.000000000000000;3131.000000000000000;100,00%;0.000000000000000;0%;0.000000000000000;0%;0.000000000000000;0%;0.000000000000000;K;KABUPATEN;<img src= 'E:\PAK ASMAR\DATA BASE JALAN SORONG\22. TVRI - Aibobor\8.jpg' width='300'/>; ; ; ;<img src= 'E:\PAK ASMAR\DATA BASE JALAN SORONG\22. TVRI - Aibobor\5.jpg' width='300'/>; ; ; ;0+000;3+131
7;0.000000000000000;TEMINABUAN - KLAMIT;SAWIAT-SEREMUK-TEMINABUAN;39.720;5.500000000000000;39.000000000000000;0.720000000000000;0.000000000000000;0.000000000000000;0.000000000000000;24.228999999999999;61.00%;10.724000000000000;27.000%;4.766000000000000;12.000%;0.000000000000000;0.000%;100.000000000000000;K;KABUPATEN;;;;;;;;;;
8;6.000000000000000;SRER - SISIR;SEREMUK-SAIFI;19.840;5.500000000000000;5.932000000000000;0.000000000000000;13.907999999999999;0.000000000000000;0.000000000000000;3.636000000000000;18,33%;8.231000000000000;41,49%;7.973000000000000;40,19%;0.000000000000000;0%;0.000000000000000;K;KABUPATEN;<img src= 'E:\PAK ASMAR\DATA BASE JALAN SORONG\06. Srer - Sisir\5.jpg' width='300'/>;<img src= 'E:\PAK ASMAR\DATA BASE JALAN SORONG\06. Srer - Sisir\29.jpg' width='300'/>;<img src= 'E:\PAK ASMAR\DATA BASE JALAN SORONG\06. Srer - Sisir\40.jpg' width='300'/>; ;<img src= 'E:\PAK ASMAR\DATA BASE JALAN SORONG\06. Srer - Sisir\6.jpg' width='300'/>; ;<img src= 'E:\PAK ASMAR\DATA BASE JALAN SORONG\06. Srer - Sisir\160.jpg' width='300'/>; ;0+000, 5+004, 5+365, 6+293,;5+004, 5+365, 6+293, 19+840
9;26.000000000000000;BOLDON - SESOR;WAYER-TEMINABUAN;4.542;5.500000000000000;0.000000000000000;0.000000000000000;4.542000000000000;0.000000000000000;0.000000000000000;0.000000000000000;0%;45.420000000000002;100%;0.000000000000000;0%;0.000000000000000;0%;0.000000000000000;P;KABUPATEN; ;<img src= 'E:\PAK ASMAR\DATA BASE JALAN SORONG\26. Boldon - Sesor\30.jpg' width='300'/>; ; ; ; ;<img src= 'E:\PAK ASMAR\DATA BASE JALAN SORONG\26. Boldon - Sesor\10.jpg' width; ;0+000;4+542
10;31.000000000000000;MOSWAREN - SP1 - JOKSIRO;MOSWAREN;15.300;5.500000000000000;7.902000000000000;0.000000000000000;7.398000000000000;0.000000000000000;0.000000000000000;7.903000000000000;51,65%;7.397000000000000;48,35%;0.000000000000000;0%;0.000000000000000;0%;0.000000000000000;P;KABUPATEN;<img src= 'E:\PAK ASMAR\DATA BASE JALAN SORONG\31. Moswaren - SP1 - Joksiro\8.jpg' width='300'/>;<img src= 'E:\PAK ASMAR\DATA BASE JALAN SORONG\31. Moswaren - SP1 - Joksiro\18.jpg' width='300'/>; ; ;<img src= 'E:\PAK ASMAR\DATA BASE JALAN SORONG\31. Moswaren - SP1 - Joksiro\4.jpg' width='300'/>; ;<img src= 'E:\PAK ASMAR\DATA BASE JALAN SORONG\31. Moswaren - SP1 - Joksiro\43.jpg' width='300'/>; ;0+000, 6+729, 13+484, 14+658;6+729, 13+484, 14+658, 15+300
11;0.000000000000000;SESNA - PERTIGAAN AITINYO;WAYER-MOSWAREN;28.320;6.000000000000000;28.320000000000000;0.000000000000000;0.000000000000000;0.000000000000000;0.000000000000000;19.824000000000002;70.00%;6.230000000000000;22.000%;2.266000000000000;8.000%;0.000000000000000;0%;0.000000000000000;P;PROVINSI;;;;;;;;;;
12;18.000000000000000;FAN OTTO IHALAUW;TEMINABUAN-KONDA;24.000;5.500000000000000;11.460000000000001;2.429000000000000;10.111000000000001;0.000000000000000;0.000000000000000;9.489000000000001;39,54;1.245000000000000;5,19;1.200000000000000;5;12.066000000000001;50,28;0.000000000000000;K;KABUPATEN; ; ; ; ; ; ; ; ;0+000, 11+200, 13+045, 13+318, 15+249,15+529,15+882,17+262, 17+521, 17+718, 18+603, 18+902;11+200, 13+045, 13+318, 15+249,15+529,15+882,17+262, 17+521, 17+718, 18+603, 18+902, 24+000
13;11.000000000000000;SRER - GAMARO;SEREMUK;2.503;5.500000000000000;0.000000000000000;0.554000000000000;1.432000000000000;0.517000000000000;0.000000000000000;0.554000000000000;22,13%;1.432000000000000;57,21%;0.000000000000000;0%;0.517000000000000;20,66;0.000000000000000;K;KABUPATEN;<img src= 'E:\PAK ASMAR\DATA BASE JALAN SORONG\11. Srer - Gamaro\10.jpg' width='300'/>;<img src= 'E:\PAK ASMAR\DATA BASE JALAN SORONG\11. Srer - Gamaro\25.jpg' width='300'/>; ;<img src= 'E:\PAK ASMAR\DATA BASE JALAN SORONG\11. Srer - Gamaro\4.jpg' width='300'/>; ;<img src= 'E:\PAK ASMAR\DATA BASE JALAN SORONG\11. Srer - Gamaro\12.jpg' width='300'/>;<img src= 'E:\PAK ASMAR\DATA BASE JALAN SORONG\11. Srer - Gamaro\29.jpg' width='300'/>;<img src= 'E:\PAK ASMAR\DATA BASE JALAN SORONG\11. Srer - Gamaro\2.jpg' width='300'/>;0+000, 0+517, 1+071;0+517, 1+071, 2+503
14;44.000000000000000;AKSES-TPA SENGGUER;WAYER;2.300;5.500000000000000;0.895000000000000;0.000000000000000;1.405000000000000;0.000000000000000;0.000000000000000;0.895000000000000;38,91%;1.405000000000000;61,09%;0.000000000000000;0.000%;0.000000000000000;0.000%;0.000000000000000;K;KABUPATEN;<img src= 'E:\PAK ASMAR\DATA BASE JALAN SORONG\44. Akses - TPA Sungguer\1+400.jpg' width='300'/>;<img src= 'E:\PAK ASMAR\DATA BASE JALAN SORONG\44. Akses - TPA Sungguer\0+700.jpg' width='300'/>; ; ;<img src= 'E:\PAK ASMAR\DATA BASE JALAN SORONG\44. Akses - TPA Sungguer\0+250.jpg' width='300'/>; ;<img src= 'E:\PAK ASMAR\DATA BASE JALAN SORONG\44. Akses - TPA Sungguer\1+150.jpg' width='300'/>; ;0+000, 1+277, 2+065, 2+193;1+277, 2+065, 2+193, 2+300
15;0.000000000000000;KLAMIT - PASIR PUTIH;SAWIAT-FKOUR;22.300;5.500000000000000;22.300000000000001;0.000000000000000;0.000000000000000;0.000000000000000;0.000000000000000;18.286000000000001;82.00%;3.568000000000000;16.000%;0.446000000000000;2.000%;0.000000000000000;0.000%;50.000000000000000;N;NASIONAL;;;;;;;;;;
16;37.000000000000000;KAMRO - MUKAMAT;KAIS;16.040;5.500000000000000;0.000000000000000;0.000000000000000;16.039999999999999;0.000000000000000;0.000000000000000;0.000000000000000;0%;0.200000000000000;1,25%;15.840000000000000;98.75;0.000000000000000;0%;0.000000000000000;K;KABUPATEN; ;<img src= 'E:\PAK ASMAR\DATA BASE JALAN SORONG\37. Kamro - Mukamat - Part 01\3.jpg' width='300'/>;<img src= 'E:\PAK ASMAR\DATA BASE JALAN SORONG\37. Kamro - Mukamat - Part 01\16.jpg' width='300'/>; ; ; ;<img src= 'E:\PAK ASMAR\DATA BASE JALAN SORONG\37. Kamro - Mukamat - Part 01\5.jpg' width='300'/>; ;0+000;16+040
17;32.000000000000000;MOSWAREN - SP2 - WARDIK;MOSWAREN-WAYER;13.740;5.500000000000000;3.294000000000000;0.713000000000000;8.609000000000000;1.124000000000000;0.000000000000000;4.006000000000000;29,16%;0.000000000000000;0%;8.609999999999999;62,66%;1.124000000000000;8,18%;0.000000000000000;P;KABUPATEN;<img src= 'E:\PAK ASMAR\DATA BASE JALAN SORONG\32. Moswaren - SP2 - Wardik\19.jpg' width='300'/>; ;<img src= 'E:\PAK ASMAR\DATA BASE JALAN SORONG\32. Moswaren - SP2 - Wardik\43.jpg' width='300'/>;<img src= 'E:\PAK ASMAR\DATA BASE JALAN SORONG\32. Moswaren - SP2 - Wardik\57' width='300'/>;<img src= 'E:\PAK ASMAR\DATA BASE JALAN SORONG\32. Moswaren - SP2 - Wardik\14.jpg' width='300'/>;<img src= 'E:\PAK ASMAR\DATA BASE JALAN SORONG\32. Moswaren - SP2 - Wardik\46.jpg' width='300'/>;<img src= 'E:\PAK ASMAR\DATA BASE JALAN SORONG\32. Moswaren - SP2 - Wardik\60.jpg' width='300'/>;<img src= 'E:\PAK ASMAR\DATA BASE JALAN SORONG\32. Moswaren - SP2 - Wardik\65.jpg' width='300'/>;0+000, 1+901, 2+445, 3+837, 12+000, 12+616;1+901, 2+445, 3+837, 12+000, 12+616, 13+740
18;49.000000000000000;KALIAT - SESNA;TEMINABUAN-WAYER;8.503;5.500000000000000;8.503000000000000;0.000000000000000;0.000000000000000;0.000000000000000;0.000000000000000;7.503000000000000;88,24%;1.000000000000000;11,76%;0.000000000000000;0%;0.000000000000000;0%;0.000000000000000;K;KABUPATEN; ; ; ; ; ; ; ; ;0+000;8+503
19;9.000000000000000;MANGGROHOLO - KAYABO;SAIFI;6.496;5.500000000000000;0.000000000000000;0.000000000000000;6.496000000000000;0.000000000000000;0.000000000000000;0.000000000000000;0%;2.095000000000000;32,25%;4.401000000000000;67,75;0.000000000000000;0.000%;0.000000000000000;K;KABUPATEN; ;<img src= 'E:\PAK ASMAR\DATA BASE JALAN SORONG\09. Manggroholo - Kayabo - Terbaru\4.j[g' width='300'/>;<img src= 'E:\PAK ASMAR\DATA BASE JALAN SORONG\09. Manggroholo - Kayabo - Terbaru\12.jpg' width='300'/>; ; ; ;<img src= 'E:\PAK ASMAR\DATA BASE JALAN SORONG\09. Manggroholo - Kayabo - Terbaru\2.jpg' width='300'/>; ;0+000;6+496
20;23.000000000000000;WERNAS;TEMINABUAN;0.681;4.000000000000000;0.681000000000000;0.000000000000000;0.000000000000000;0.000000000000000;0.000000000000000;0.681000000000000;100%;0.000000000000000;0%;0.000000000000000;0%;0.000000000000000;0%;0.000000000000000;K;KABUPATEN;<img src= 'E:\PAK ASMAR\DATA BASE JALAN SORONG\23. Wernas\6.jpg' width='300'/>; ; ; ;<img src= 'E:\PAK ASMAR\DATA BASE JALAN SORONG\23. Wernas\9.jpg' width='300'/>; ; ; ;0+000;0+681
21;16.000000000000000;WERSAR - TRIKORA;TEMINABUAN;0.674;8.000000000000000;0.000000000000000;0.674000000000000;0.000000000000000;0.000000000000000;0.000000000000000;0.674000000000000;100%;0.000000000000000;0.000%;0.000000000000000;0,000%;0.000000000000000;0%;0.000000000000000;K;KABUPATEN;<img src= 'E:\PAK ASMAR\DATA BASE JALAN SORONG\16. Wersar - Trikora\8.jpg' width='300'/>; ; ; ; ;<img src= 'E:\PAK ASMAR\DATA BASE JALAN SORONG\16. Wersar - Trikora\6.jpg' width='300'/>; ; ;0+000;0+674
22;20.000000000000000;KONDA - DEMEN;KONDA;6.542;5.500000000000000;0.000000000000000;0.000000000000000;0.996000000000000;5.586000000000000;0.000000000000000;0.000000000000000;0%;0.000000000000000;0.000%;0.956000000000000;14,61%;5.586000000000000;85,39%;0.000000000000000;K;KABUPATEN; ; ;<img src= 'E:\PAK ASMAR\DATA BASE JALAN SORONG\20. Konda - Demen\2.jpg' width='300'/>;<img src= 'E:\PAK ASMAR\DATA BASE JALAN SORONG\20. Konda - Demen\14.jpg' width='300'/>; ; ;<img src= 'E:\PAK ASMAR\DATA BASE JALAN SORONG\20. Konda - Demen\4.jpg' width='300'/>;<img src= 'E:\PAK ASMAR\DATA BASE JALAN SORONG\20. Konda - Demen\34.jpg' width='300'/>; ; 
23;3.000000000000000;SODORFOYO - ELES;SAWIAT;5.804;5.500000000000000;5.016000000000000;0.000000000000000;0.788000000000000;0.000000000000000;0.000000000000000;5.016000000000000;86,42%;0.788000000000000;13,58%;0.000000000000000;0%;0.000000000000000;0%;0.000000000000000;K;KABUPATEN;<img src= 'E:\PAK ASMAR\DATA BASE JALAN SORONG\03. Sodrofoyo - Elles\30.jpg' width='300'/>;<img src= 'E:\PAK ASMAR\DATA BASE JALAN SORONG\03. Sodrofoyo - Elles\11.jpg' width='300'/>; ; ;<img src= 'E:\PAK ASMAR\DATA BASE JALAN SORONG\03. Sodrofoyo - Elles\2.jpg' width='300'/>; ;<img src= 'E:\PAK ASMAR\DATA BASE JALAN SORONG\03. Sodrofoyo - Elles\35.jpg' width='300'/>; ;0+000, 0+740, 1+350, 1+689, 1+867;0+740, 1+350, 1+689, 1+867, 5+804
24;19.000000000000000;BARIAT - NAKNA;KONDA;11.280;5.500000000000000;0.440000000000000;1.913000000000000;8.946000000000000;0.000000000000000;0.000000000000000;2.344000000000000;20,69;2.990000000000000;26,51%;0.956000000000000;8,48%;5.000000000000000;44,33%;0.000000000000000;K;KABUPATEN;<img src= 'E:\PAK ASMAR\DATA BASE JALAN SORONG\19. Bariat - Nakna\2.jpg' width='300'/>;<img src= 'E:\PAK ASMAR\DATA BASE JALAN SORONG\19. Bariat - Nakna\11.jpg' width='300'/.;<img src= 'E:\PAK ASMAR\DATA BASE JALAN SORONG\19. Bariat - Nakna\1.jpg' width='300'/>;<img src= 'E:\PAK ASMAR\DATA BASE JALAN SORONG\19. Bariat - Nakna\4.jpg' width='300'/>;<img src= 'E:\PAK ASMAR\DATA BASE JALAN SORONG\19. Bariat - Nakna\6.jpg' width='300'/>;<img src= 'E:\PAK ASMAR\DATA BASE JALAN SORONG\19. Bariat - Nakna\9.jpg' width='300'/>;<img src= 'E:\PAK ASMAR\DATA BASE JALAN SORONG\19. Bariat - Nakna\148.jpg' width='300'/>; ;0+000, 0+303, 0+432, 0+970, 1+182, 1+377, 1+610, 2+487, 10+244, 10+665;0+303, 0+432, 0+970, 1+182, 1+377, 1+610, 2+487, 10+244, 10+665, 11+280
25;0.000000000000000;RUAS BATU PAYUNG - KLAMIT;SAWIAT;12.840;5.500000000000000;12.840000000000000;0.000000000000000;0.000000000000000;0.000000000000000;0.000000000000000;8.988000000000000;70.00%;2.183000000000000;17.000%;1.669000000000000;13.000%;0.000000000000000;0.000%;150.000000000000000;N;NASIONAL;;;;;;;;;;
26;4.000000000000000;TOFOT - HAHA - WOLOIN;SEREMUK;10.200;5.500000000000000;7.075000000000000;0.000000000000000;3.125000000000000;0.000000000000000;0.000000000000000;7.075000000000000;69,36%;3.125000000000000;30,64%;0.000000000000000;0%;0.000000000000000;0%;0.000000000000000;K;KABUPATEN;<img src= 'E:\PAK ASMAR\DATA BASE JALAN SORONG\04. Tofot - Haha - Woloin\IMG_20191113_092755.jpg' width='300'/>;<img src= 'E:\PAK ASMAR\DATA BASE JALAN SORONG\04. Tofot - Haha - Woloin\IMG_20191113_093025.jpg' width='300'/>; ; ;<img src= 'E:\PAK ASMAR\DATA BASE JALAN SORONG\04. Tofot - Haha - Woloin\IMG_20191113_092953.jpg' width='300'/>; ;<img src= 'E:\PAK ASMAR\DATA BASE JALAN SORONG\04. Tofot - Haha - Woloin\IMG_20191113_094800.jpg' width='300'/>; ;0+000, 7+075;7+075, 10+200
27;5.000000000000000;WOLOIN - KAKAS;SEREMUK;4.895;5.500000000000000;0.000000000000000;0.000000000000000;4.895000000000000;0.000000000000000;0.000000000000000;0.000000000000000;0%;4.895000000000000;100,00%;1.469000000000000;30.000%;0.000000000000000;0%;0.000000000000000;K;KABUPATEN; ;<img src= 'E:\PAK ASMAR\DATA BASE JALAN SORONG\05. Woloin - Kakas\11.jpg' width='300'/>; ; ; ; ;<img src= 'E:\PAK ASMAR\DATA BASE JALAN SORONG\05. Woloin - Kakas\11.jpg' width='300'/>; ;0+000;4+895
28;27.000000000000000;SESOR - HAJIR;WAYER;3.059;5.500000000000000;0.000000000000000;0.000000000000000;0.000000000000000;3.059000000000000;0.000000000000000;0.000000000000000;0%;0.000000000000000;0%;0.000000000000000;0%;3.050000000000000;100%;0.000000000000000;K;KABUPATEN; ; ; ;<img src= 'E:\PAK ASMAR\DATA BASE JALAN SORONG\27. Sesor - Hajir\3.jpg' width='300'/>; ; ; ;<img src= 'E:\PAK ASMAR\DATA BASE JALAN SORONG\27. Sesor - Hajir\5.pg' width='300'/>;0+000;3+059
29;30.000000000000000;WAIGO - SEFOTAMIN;WAYER;1.540;5.500000000000000;0.000000000000000;0.000000000000000;1.540000000000000;0.000000000000000;0.000000000000000;0.000000000000000;0.00%;1.540000000000000;100%;0.000000000000000;0%;0.000000000000000;0%;0.000000000000000;P;KABUPATEN; ;<img src= 'E:\PAK ASMAR\DATA BASE JALAN SORONG\30. Waigo - Sefotamin\9.jpg' width='300'/>; ; ; ; ;<img src= 'E:\PAK ASMAR\DATA BASE JALAN SORONG\30. Waigo - Sefotamin\13.jpg' width='300'/>; ;0+000;1+540
30;50.000000000000000;JALAN TOKAS;MOSWAREN;2.692;5.500000000000000;0.396000000000000;0.000000000000000;1.727000000000000;0.569000000000000;0.000000000000000;0.396000000000000;14,71%;0.000000000000000;0%;1.727000000000000;64,15%;0.569000000000000;21,14%;0.000000000000000;K;KABUPATEN;<img src= 'E:\PAK ASMAR\DATA BASE JALAN SORONG\50. Jalan Tokas\6.jpg' width='300'/>; ;<img src= 'E:\PAK ASMAR\DATA BASE JALAN SORONG\50. Jalan Tokas\2.jpg' width='300'/>;<img src= 'E:\PAK ASMAR\DATA BASE JALAN SORONG\50. Jalan Tokas\23.jpg' width='300'/>;<img src= 'E:\PAK ASMAR\DATA BASE JALAN SORONG\50. Jalan Tokas\16.jpg' width='300'/>; ;<img src= 'E:\PAK ASMAR\DATA BASE JALAN SORONG\50. Jalan Tokas\17.jpg' width='300'/>;<img src= 'E:\PAK ASMAR\DATA BASE JALAN SORONG\50. Jalan Tokas\19.jpg' width='300'/>;0+000, 0+569, 0+639, 1+035;0+569, 0+639, 1+035, 2+692
31;12.000000000000000;SERIBAU - DERMAGA;SEREMUK;0.460;5.000000000000000;0.000000000000000;0.000000000000000;0.460000000000000;0.000000000000000;0.000000000000000;0.000000000000000;0%;0.460000000000000;100%;0.000000000000000;0%;0.000000000000000;0%;0.000000000000000;K;KABUPATEN; ;<img src= 'E:\PAK ASMAR\DATA BASE JALAN SORONG\12. Seribau - Dermaga\7.jpg' width='300'/>; ; ; ; ;<img src= 'E:\PAK ASMAR\DATA BASE JALAN SORONG\12. Seribau - Dermaga\3.jpg' width='300'/>; ;0+000;0+460
32;24.000000000000000;UNGGI - HAJIR;WAYER-MOSWAREN;5.567;6.000000000000000;0.000000000000000;0.000000000000000;0.000000000000000;5.567000000000000;0.000000000000000;0.000000000000000;0%;0.000000000000000;0%;0.000000000000000;0;5.567000000000000;100%;0.000000000000000;K;KABUPATEN; ; ; ;<img src= 'E:\PAK ASMAR\DATA BASE JALAN SORONG\24. Unggi - Hajir\40.jpg' width='300'/>; ; ; ;<img src= 'E:\PAK ASMAR\DATA BASE JALAN SORONG\24. Unggi - Hajir\6.jpg' width='300'/>;0+000;5+567
33;17.000000000000000;KOMPLEKS KANTOR BUPATI;WAYER;8.937;6.000000000000000;8.936999999999999;0.000000000000000;0.000000000000000;0.000000000000000;0.000000000000000;8.936999999999999;100,000%;0.000000000000000;0,00%;0.000000000000000;0,00;0.000000000000000;0%;0.000000000000000;K;KABUPATEN;<img src= 'E:\PAK ASMAR\DATA BASE JALAN SORONG\17. Kompleks Kantor Bupati\15.jpg' width='300'/>; ;5; ;<img src= 'E:\PAK ASMAR\DATA BASE JALAN SORONG\17. Kompleks Kantor Bupati\2.jpg' width='300'/>; ; ; ;0+000;8+937
34;21.000000000000000;LINGKAR RUMAHSAKIT - KOWA;WAYER;4.295;5.500000000000000;0.000000000000000;0.000000000000000;4.295000000000000;0.000000000000000;0.000000000000000;0.000000000000000;0%;0.000000000000000;05;2.295000000000000;53,43%;2.000000000000000;46,57%;0.000000000000000;K;KABUPATEN; ; ;<img src= 'E:\PAK ASMAR\DATA BASE JALAN SORONG\21. Lingkar Rumah Sakit - Kowa\15.jpg' width='300'/>;<img src= 'E:\PAK ASMAR\DATA BASE JALAN SORONG\21. Lingkar Rumah Sakit - Kowa\21.jpg' width='300'/>; ; ;<img src= 'E:\PAK ASMAR\DATA BASE JALAN SORONG\21. Lingkar Rumah Sakit - Kowa\2.jpg' width='300'/>; ;0+000;4+295
35;13.000000000000000;DALAM KOTA TEMINABUAN;TEMINABUAN;23.580;5.500000000000000;23.579999999999998;0.000000000000000;0.000000000000000;0.000000000000000;0.000000000000000;15.580000000000000;66,07%;0.000000000000000;0.000%;8.000000000000000;33,93%;0.000000000000000;0%;450.000000000000000;K;KABUPATEN;<img src= 'E:\PAK ASMAR\DATA BASE JALAN SORONG\13. Dalam Kota Teminabuan\105.jpg' width='300'/>; ;<img src= 'E:\PAK ASMAR\DATA BASE JALAN SORONG\13. Dalam Kota Teminabuan\15.jpg' width='300'/>; ;<img src= 'E:\PAK ASMAR\DATA BASE JALAN SORONG\13. Dalam Kota Teminabuan\11.jpg' width='300'/>; ; ; ;0+000;23+580
36;41.000000000000000;BENAWA I - BENAWA II;KOKODA UTARA-KOKODA;24.490;8.000000000000000;0.000000000000000;0.000000000000000;0.000000000000000;24.489999999999998;0.000000000000000;0.000000000000000;0%;0.000000000000000;0%;0.000000000000000;0%;24.489999999999998;100%;0.000000000000000;K;KABUPATEN; ; ; ; ; ; ; ; ;0+000;24+490
37;38.000000000000000;INANWATAN - BEDARE - PURAGI - SUMANO;INAWATAN-METAMANI-KAIS;72.670;8.000000000000000;0.000000000000000;0.000000000000000;0.000000000000000;72.670000000000002;0.000000000000000;0.000000000000000;0%;0.000000000000000;0%;0.000000000000000;0%;72670.000000000000000;100%;0.000000000000000;K;KABUPATEN; ; ; ;<img src= 'E:\PAK ASMAR\DATA BASE JALAN SORONG\38. Inanwatan - Bedare - Puragi - Sumano\12.jpg' width='300'/>; ; ; ;<img src= 'E:\PAK ASMAR\DATA BASE JALAN SORONG\38. Inanwatan - Bedare - Puragi - Sumano\1.jpg width='300'/>;0+000;72,670
38;47.000000000000000;BEDARE - ODIARE;INAWATAN;6.169;8.000000000000000;0.000000000000000;0.000000000000000;0.000000000000000;6.169000000000000;0.000000000000000;0.000000000000000;0%;0.000000000000000;0%;0.000000000000000;0%;6.169000000000000;100%;0.000000000000000;K;KABUPATEN; ; ; ; ; ; ; ; ;0+000;6+169
39;43.000000000000000;SERANGGO - MAKARORO;KAIS;8.539;5.500000000000000;0.000000000000000;0.000000000000000;0.000000000000000;8.539000000000000;0.000000000000000;0.000000000000000;0%;0.000000000000000;0%;0.000000000000000;05;8.539000000000000;100%;0.000000000000000;K;KABUPATEN; ; ; ; ; ; ; ; ;0+000;8+539
40;46.000000000000000;PERTIGAAN SERANGGO - MOGOTEMIN;KAIS;3.220;5.500000000000000;0.000000000000000;0.000000000000000;3.220000000000000;0.000000000000000;0.000000000000000;0.000000000000000;0%;0.000000000000000;0%;3.220000000000000;100%;0.000000000000000;0%;0.000000000000000;K;KABUPATEN; ; ;<img src= 'E:\PAK ASMAR\DATA BASE JALAN SORONG\46. Pertigaan Siranggo - Mogetemin - Part 01/6.jpg' width='300'/.; ; ; ;<img src= 'E:\PAK ASMAR\DATA BASE JALAN SORONG\46. Pertigaan Siranggo - Mogetemin - Part 01\12.jpg' width='300'/>; ;0+000;3+220
41;35.000000000000000;JOKSIRO - HAIMARAN;MOSWAREN-KAIS;15.350;5.500000000000000;0.000000000000000;0.000000000000000;15.350000000000000;0.000000000000000;0.000000000000000;0.000000000000000;0%;15.350000000000000;100%;0.000000000000000;0%;0.000000000000000;0%;0.000000000000000;K;KABUPATEN; ;<img src= 'E:\PAK ASMAR\DATA BASE JALAN SORONG\35. Joksiro - Haimaran\25.jpg' width='300'/>; ; ; ; ;<img src= 'E:\PAK ASMAR\DATA BASE JALAN SORONG\35. Joksiro - Haimaran\32.jpg' width='300'/>; ;0+000;15+350
42;36.000000000000000;HAIMARAN - SERANGGO - KAIS;KAIS;51.430;5.500000000000000;0.000000000000000;0.000000000000000;39.884000000000000;11.545999999999999;0.000000000000000;0.000000000000000;0%;6.000000000000000;11,67%;33.884000000000000;65,88%;11.545999999999999;22,45%;0.000000000000000;K;KABUPATEN; ;<img src= 'E:\PAK ASMAR\DATA BASE JALAN SORONG\36. Haimaran - Siranggo - Kais\2.jpg' width='300'/>; ; ; ; ;<img src= 'E:\PAK ASMAR\DATA BASE JALAN SORONG\36. Haimaran - Siranggo - Kais\2.jpg' width='300'/>; ;0+000, 39+884;39+884, 51+430
43;42.000000000000000;BENAWA II - UDAGAGA-NEBES-TAROF;KOKODA;41.950;8.000000000000000;0.000000000000000;0.000000000000000;0.000000000000000;41.950000000000003;41.950000000000003;0.000000000000000;0%;0.000000000000000;0%;0.000000000000000;0%;41.950000000000003;100%;0.000000000000000;K;KABUPATEN; ; ; ; ; ; ; ; ;0+000;41+950
44;40.000000000000000;TAROF - TAPAS;KOKODA;16.960;8.000000000000000;0.000000000000000;16.960000000000001;0.000000000000000;0.000000000000000;0.000000000000000;1.520000000000000;7,37%;0.000000000000000;0%;15.710000000000001;92,63%;0.000000000000000;0%;0.000000000000000;K;KABUPATEN;<img src= 'E:\PAK ASMAR\DATA BASE JALAN SORONG\40. Tarof - Tapas\4.jpg' width='300'/>; ;<img src= 'E:\PAK ASMAR\DATA BASE JALAN SORONG\40. Tarof - Tapas\7.jpg' width='300'/>; ; ;<img src= 'E:\PAK ASMAR\DATA BASE JALAN SORONG\40. Tarof - Tapas\1.jpg' width='300'/>; ; ;0+000;16+960
45;39.000000000000000;SUMANO - ATHORI;KAIS-KOKODA UTARA;42.700;8.000000000000000;0.000000000000000;0.000000000000000;0.000000000000000;42.700000000000003;0.000000000000000;0.000000000000000;0%;0.000000000000000;0%;0.000000000000000;0%;42.700000000000003;100%;0.000000000000000;K;KABUPATEN; ; ; ; ; ; ; ; ;0+000;42+700
46;15.000000000000000;WERSAR - PELABUHAN PERIKANAN;TEMINABUAN;1.343;5.500000000000000;1.343000000000000;0.000000000000000;0.000000000000000;0.000000000000000;0.000000000000000;0.543000000000000;40,43%;0.800000000000000;59,57%;0.000000000000000;0%;0.000000000000000;0%;0.000000000000000;K;KABUPATEN;<img src= 'E:\PAK ASMAR\DATA BASE JALAN SORONG\15. Wersar - Pelabuhan Perikanan\5.jpg' width='300'/>;<img src= 'E:\PAK ASMAR\DATA BASE JALAN SORONG\15. Wersar - Pelabuhan Perikanan\10.jpg' width='300'/>; ; ;<img src= 'E:\PAK ASMAR\DATA BASE JALAN SORONG\15. Wersar - Pelabuhan Perikanan\15.jpg' width='300'/>; ; ; ;0+000;1+343
47;14.000000000000000;WERMIT - WERSIMAR;TEMINABUAN;8.886;5.500000000000000;8.885999999999999;0.000000000000000;0.000000000000000;0.000000000000000;0.000000000000000;4.886000000000000;54,99%;0.000000000000000;0,00%;0.000000000000000;0,000%;4.000000000000000;45,01%;0.000000000000000;K;KABUPATEN;<img src= 'E:\PAK ASMAR\DATA BASE JALAN SORONG\14. Wermit - Wersimar\18.jpg' width='300'/>; ; ;<img src= 'E:\PAK ASMAR\DATA BASE JALAN SORONG\14. Wermit - Wersimar\46.jpg' width='300'/>;<img src= 'E:\PAK ASMAR\DATA BASE JALAN SORONG\14. Wermit - Wersimar\16.jpg' width='300'/>; ; ; ;0+000;8+886
48;25.000000000000000;SESNA - BOLDON - WEHALI;WAYER-TEMINABUAN;25.430;6.000000000000000;7.807000000000000;0.000000000000000;17.623000000000001;0.000000000000000;0.000000000000000;3.478000000000000;13,68%;5.630000000000000;22,14%;4.258000000000000;16,74%;12.064000000000000;47,44%;0.000000000000000;P;PROVINSI;<img src= 'E:\PAK ASMAR\DATA BASE JALAN SORONG\25. Sesna - Boldon - Wehali\5.jpg' width='300'/>;<img src= 'E:\PAK ASMAR\DATA BASE JALAN SORONG\25. Sesna - Boldon - Wehali\93.jpg' width='300'/>;<img src= 'E:\PAK ASMAR\DATA BASE JALAN SORONG\25. Sesna - Boldon - Wehali\36.jpg' width='300'/>;<img src= 'E:\PAK ASMAR\DATA BASE JALAN SORONG\25. Sesna - Boldon - Wehali\144.jpg' width='300'/>;<img src= 'E:\PAK ASMAR\DATA BASE JALAN SORONG\25. Sesna - Boldon - Wehali\4.jpg' width='300'/>; ;<img src= 'E:\PAK ASMAR\DATA BASE JALAN SORONG\25. Sesna - Boldon - Wehali\124.jpg' width='300'/>; ; ; 
49;34.000000000000000;JALUR 1-7 -HASIK JAYA -BUMI AJO;MOSWAREN;20.990;5.500000000000000;11.784000000000001;0.000000000000000;9.206000000000000;0.000000000000000;0.000000000000000;3.990000000000000;19,01%;0.000000000000000;0%;0.000000000000000;0%;17.000000000000000;80,99;0.000000000000000;K;KABUPATEN;<img src= 'E:\PAK ASMAR\DATA BASE JALAN SORONG\34. Jalur 1-7 Hasik Jaya Bumi Ajo\Jalur 4\33.jpg' width='300'/>; ; ;<img src= 'E:\PAK ASMAR\DATA BASE JALAN SORONG\34. Jalur 1-7 Hasik Jaya Bumi Ajo\Jalur 6\9.jpg' width='300'/>;<img src= 'E:\PAK ASMAR\DATA BASE JALAN SORONG\34. Jalur 1-7 Hasik Jaya Bumi Ajo\Jalur 7\13.jpg' width='300'/>; ;<img src= 'E:\PAK ASMAR\DATA BASE JALAN SORONG\34. Jalur 1-7 Hasik Jaya Bumi Ajo\Jalur 3\1.jpg' width='300'/>; ;0+000, 9+206;9+206, 20+990
50;45.000000000000000;LINGKAR KAMPUNG ANI - MANELEK - DEPAN KANTOR DPR;TEMINABUAN-WAYER;8.297;8.000000000000000;0.000000000000000;0.000000000000000;7.575000000000000;0.722000000000000;0.000000000000000;0.000000000000000;0%;2.897000000000000;34.92%;1.238000000000000;14,925;4.162000000000000;50,16%;0.000000000000000;K;KABUPATEN; ;<img src= 'E:\PAK ASMAR\DATA BASE JALAN SORONG\45. Lingkar Kampung Ani - Manelek - Depan Kantor DPR\38.jpg' width='300'/>;<img src= 'E:\PAK ASMAR\DATA BASE JALAN SORONG\45. Lingkar Kampung Ani - Manelek - Depan Kantor DPR23.jpg' width='300'/>;<img src= 'E:\PAK ASMAR\DATA BASE JALAN SORONG\45. Lingkar Kampung Ani - Manelek - Depan Kantor DPR\11.jpg' width='300'/>; ; ;<img src= 'E:\PAK ASMAR\DATA BASE JALAN SORONG\45. Lingkar Kampung Ani - Manelek - Depan Kantor DPR\32.jpg' width='300'/>;<img src= 'E:\PAK ASMAR\DATA BASE JALAN SORONG\45. Lingkar Kampung Ani - Manelek - Depan Kantor DPR\35.jpg' width='300'/>;0+000, 3+440, 4+162;3+440, 4+162, 8+297
51;48.000000000000000;KAMRO - HAIMARAN;MOSWAREN;6.662;0.000000000000000;0.000000000000000;0.000000000000000;6.662000000000000;0.000000000000000;0.000000000000000;0.000000000000000;0%;6.662000000000000;100%;0.000000000000000;0%;0.000000000000000;0%;0.000000000000000;K;KABUPATEN; ; ; ; ; ; ; ; ;0+000;6+662
52;51.000000000000000;TOKAS - BENDUNGAN - KAMP. SABUN;MOSWAREN;4.543;6.000000000000000;0.000000000000000;0.000000000000000;2.143000000000000;2400.000000000000000;0.000000000000000;0.000000000000000;0.%;0.000000000000000;0%;1943.000000000000000;42.77%;2.600000000000000;57.23;0.000000000000000;K;KABUPATEN; ; ;<img src= 'E:\PAK ASMAR\DATA BASE JALAN SORONG\51. Tokas - Bendungan - Kampung Sabun\6.jpg' width='300'/>;<img src= 'E:\PAK ASMAR\DATA BASE JALAN SORONG\51. Tokas - Bendungan - Kampung Sabun\24.jpg' width='300'/>; ; ;<img src= 'E:\PAK ASMAR\DATA BASE JALAN SORONG\51. Tokas - Bendungan - Kampung Sabun\31.jpg' width='300'/>;<img src= 'E:\PAK ASMAR\DATA BASE JALAN SORONG\51. Tokas - Bendungan - Kampung Sabun\34.jpg' width='300'/>;0+000, 2+400;2+400, 4+543
53;7.000000000000000;MANGGROHOLO - SIRA;SAIFI;0.700;5.500000000000000;0.000000000000000;0.700000000000000;0.000000000000000;0.000000000000000;0.000000000000000;0.700000000000000;100%;0.000000000000000;0.000%;0.000000000000000;0;0.000000000000000;0%;0.000000000000000;K;KABUPATEN;<img src= 'E:\PAK ASMAR\DATA BASE JALAN SORONG\07. Manggroholo - Sira\2.jpg' width='300'/>; ; ; ; ;<img src= 'E:\PAK ASMAR\DATA BASE JALAN SORONG\07. Manggroholo - Sira\4.jpg' width='300'/>; ; ;0+000;0+700
54;10.000000000000000;KAYABO - KAMPUNG RAIS;SAIFI;0.978;5.500000000000000;0.000000000000000;0.000000000000000;0.000000000000000;0.978000000000000;0.000000000000000;0.000000000000000;0%;0.000000000000000;0%;0.000000000000000;0%;0.978000000000000;100%;0.000000000000000;K;KABUPATEN; ; ; ;<img src= 'E:\PAK ASMAR\DATA BASE JALAN SORONG\10. Kayabo - Kampung Rais\2.jpg' width='300'/>; ; ; ;<img src= 'E:\PAK ASMAR\DATA BASE JALAN SORONG\10. Kayabo - Kampung Rais\7.jpg' width='300'/>;0+000;0+975
55;56.000000000000000;TAROF - TAMBANI;KOKODA;14.110;8.000000000000000;0.000000000000000;0.000000000000000;0.000000000000000;14.109999999999999;0.000000000000000;0.000000000000000;0%;0.000000000000000;0%;0.000000000000000;0%;14.109999999999999;100%;0.000000000000000;K;KABUPATEN; ; ; ; ; ; ; ; ;0+000;14+110
56;55.000000000000000;ATHORI - TAMBANI;KOKODA-KOKODA UTARA;33.670;8.000000000000000;0.000000000000000;0.000000000000000;0.000000000000000;33.670000000000002;0.000000000000000;0.000000000000000;0%;0.000000000000000;0%;0.000000000000000;0%;33.670000000000002;100%;0.000000000000000;K;KABUPATEN; ; ; ; ; ; ; ; ;0+000;33+670
57;57.000000000000000;BEDARE - ISAGO;INAWATAN;26.54;8.000000000000000;0.000000000000000;0.000000000000000;0.000000000000000;26.539999999999999;26.539999999999999;0.000000000000000;0%;0.000000000000000;0%;0.000000000000000;0%;26.539999999999999;100%;0.000000000000000;K;KABUPATEN; ; ; ; ; ; ; ; ;0+000;26+540
58;52.000000000000000;ELES - WEHALI;TEMINABUAN-SAWIAT;14.190;8.000000000000000;0.000000000000000;0.000000000000000;0.000000000000000;14.190000000000000;0.000000000000000;0.000000000000000;0%;0.000000000000000;0%;0.000000000000000;0%;14.190000000000000;100%;0.000000000000000;K;KABUPATEN; ; ; ; ; ; ; ; ;0+000;14+190
59;53.000000000000000;BATU PAYUNG - KAKAS;SEREMUK-SAWIAT;30.300;5.500000000000000;0.000000000000000;0.000000000000000;0.000000000000000;30.300000000000001;0.000000000000000;0.000000000000000;0.000%;0.000000000000000;0%;0.000000000000000;0.000%;30.300000000000001;100%;0.000000000000000;K;KABUPATEN; ; ; ;<img src= 'E:\PAK ASMAR\DATA BASE JALAN SORONG\53. Kakas - Batu Payung\13.jpg' width='300'/>; ; ; ;<img src= 'E:\PAK ASMAR\DATA BASE JALAN SORONG\53. Kakas - Batu Payung' width='300'/>;0+000;30+300
60;54.000000000000000;BEDARE - KASWERI;INAWATAN-KOKODA;20.82;0.000000000000000;0.000000000000000;0.000000000000000;0.000000000000000;20.820000000000000;0.000000000000000;0.000000000000000;0%;0.000000000000000;0%;0.000000000000000;0%;20.820000000000000;100%;0.000000000000000;K;KABUPATEN; ; ; ; ; ; ; ; ;0+000;20+820